customer_id,signup_date,region,product_category,orders,revenue,churned
1,2023-01-01,East,Clothing,8,1955,0
2,2023-01-02,West,Home,3,3662,1
3,2023-01-03,North,Electronics,8,2620,0
4,2023-01-04,East,Electronics,5,3181,0
5,2023-01-05,East,Electronics,1,1528,1
6,2023-01-06,West,Electronics,7,4067,0
7,2023-01-07,North,Beauty,5,1022,0
8,2023-01-08,North,Electronics,6,3237,0
9,2023-01-09,East,Beauty,6,2259,0
10,2023-01-10,South,Beauty,8,2647,0
11,2023-01-11,East,Electronics,9,3079,1
12,2023-01-12,East,Electronics,2,2381,0
13,2023-01-13,East,Clothing,9,2749,0
14,2023-01-14,East,Home,9,413,1
15,2023-01-15,West,Electronics,7,2713,1
16,2023-01-16,North,Clothing,1,3183,0
17,2023-01-17,West,Clothing,7,2356,0
18,2023-01-18,West,Home,5,1137,0
19,2023-01-19,West,Beauty,6,3589,0
20,2023-01-20,East,Electronics,7,2734,0
21,2023-01-21,South,Home,5,4083,0
22,2023-01-22,North,Electronics,7,1878,1
23,2023-01-23,South,Clothing,9,3995,0
24,2023-01-24,West,Clothing,3,1224,0
25,2023-01-25,West,Beauty,8,797,0
26,2023-01-26,South,Clothing,2,2279,0
27,2023-01-27,South,Clothing,7,1504,0
28,2023-01-28,South,Home,2,1143,0
29,2023-01-29,West,Electronics,4,2029,1
30,2023-01-30,West,Electronics,7,1113,0
31,2023-01-31,North,Home,3,326,0
32,2023-02-01,North,Beauty,2,1928,0
33,2023-02-02,West,Electronics,7,2123,0
34,2023-02-03,South,Clothing,1,2552,0
35,2023-02-04,South,Electronics,8,2185,0
36,2023-02-05,North,Clothing,3,4383,0
37,2023-02-06,West,Beauty,2,1180,0
38,2023-02-07,North,Home,3,2420,1
39,2023-02-08,North,Electronics,5,3290,1
40,2023-02-09,East,Home,8,2730,1
41,2023-02-10,East,Electronics,7,2663,1
42,2023-02-11,East,Clothing,7,3392,0
43,2023-02-12,South,Home,7,4721,1
44,2023-02-13,West,Electronics,8,3686,0
45,2023-02-14,West,Clothing,1,4531,1
46,2023-02-15,West,Home,4,3047,1
47,2023-02-16,West,Home,6,4059,1
48,2023-02-17,East,Electronics,9,2913,1
49,2023-02-18,South,Electronics,2,2683,0
50,2023-02-19,South,Electronics,1,261,0
51,2023-02-20,East,Clothing,2,693,0
52,2023-02-21,South,Electronics,7,3359,0
53,2023-02-22,East,Home,3,4255,0
54,2023-02-23,West,Home,2,3062,0
55,2023-02-24,East,Electronics,7,3988,1
56,2023-02-25,West,Electronics,2,3490,0
57,2023-02-26,West,Beauty,3,4601,1
58,2023-02-27,North,Home,7,763,1
59,2023-02-28,East,Clothing,4,1232,1
60,2023-03-01,North,Beauty,1,641,1
61,2023-03-02,East,Electronics,5,3074,0
62,2023-03-03,East,Electronics,9,967,1
63,2023-03-04,North,Home,8,2166,1
64,2023-03-05,North,Electronics,9,531,0
65,2023-03-06,East,Clothing,9,4935,0
66,2023-03-07,South,Home,7,4378,1
67,2023-03-08,West,Electronics,4,1306,0
68,2023-03-09,North,Home,5,2628,0
69,2023-03-10,West,Electronics,1,1269,0
70,2023-03-11,South,Electronics,1,930,0
71,2023-03-12,South,Electronics,3,1751,0
72,2023-03-13,South,Clothing,8,1236,1
73,2023-03-14,North,Clothing,2,2910,0
74,2023-03-15,South,Home,4,575,0
75,2023-03-16,North,Electronics,2,2910,0
76,2023-03-17,South,Electronics,5,1426,0
77,2023-03-18,West,Clothing,9,1119,1
78,2023-03-19,West,Electronics,1,1936,0
79,2023-03-20,East,Clothing,5,4356,0
80,2023-03-21,West,Electronics,9,2548,0
81,2023-03-22,East,Home,1,4393,0
82,2023-03-23,West,Electronics,9,1383,1
83,2023-03-24,North,Electronics,8,759,1
84,2023-03-25,West,Beauty,4,2110,0
85,2023-03-26,East,Clothing,5,498,0
86,2023-03-27,East,Electronics,5,1833,0
87,2023-03-28,South,Electronics,6,2225,0
88,2023-03-29,North,Beauty,7,2271,0
89,2023-03-30,West,Beauty,8,174,0
90,2023-03-31,South,Clothing,8,4797,0
91,2023-04-01,West,Beauty,2,3571,0
92,2023-04-02,West,Home,9,936,1
93,2023-04-03,South,Beauty,7,599,1
94,2023-04-04,South,Home,4,237,0
95,2023-04-05,South,Clothing,4,2197,1
96,2023-04-06,South,Clothing,8,3796,0
97,2023-04-07,South,Clothing,4,1985,0
98,2023-04-08,West,Clothing,6,2857,1
99,2023-04-09,South,Clothing,5,4020,1
100,2023-04-10,North,Home,3,2000,1
101,2023-04-11,East,Home,2,2710,0
102,2023-04-12,South,Clothing,9,4086,0
103,2023-04-13,South,Beauty,9,1549,1
104,2023-04-14,West,Electronics,1,646,0
105,2023-04-15,South,Clothing,3,4776,0
106,2023-04-16,South,Beauty,8,2103,0
107,2023-04-17,South,Electronics,6,2196,0
108,2023-04-18,West,Clothing,5,803,0
109,2023-04-19,South,Clothing,5,2503,0
110,2023-04-20,East,Home,6,1725,1
111,2023-04-21,West,Electronics,7,3431,0
112,2023-04-22,East,Electronics,1,4833,0
113,2023-04-23,West,Beauty,9,3078,0
114,2023-04-24,South,Home,3,4836,0
115,2023-04-25,East,Home,4,2939,0
116,2023-04-26,West,Home,1,3484,0
117,2023-04-27,North,Home,3,2759,1
118,2023-04-28,South,Electronics,2,1961,0
119,2023-04-29,West,Electronics,2,2956,1
120,2023-04-30,North,Clothing,1,785,0
121,2023-05-01,West,Clothing,8,4383,0
122,2023-05-02,North,Home,3,1719,0
123,2023-05-03,South,Home,3,4743,0
124,2023-05-04,East,Home,6,1531,1
125,2023-05-05,North,Clothing,8,975,0
126,2023-05-06,West,Beauty,9,4813,0
127,2023-05-07,South,Beauty,9,2561,1
128,2023-05-08,North,Clothing,4,1465,1
129,2023-05-09,West,Clothing,5,1343,1
130,2023-05-10,West,Clothing,2,262,0
131,2023-05-11,West,Clothing,9,2074,1
132,2023-05-12,North,Clothing,8,3391,0
133,2023-05-13,North,Clothing,3,369,0
134,2023-05-14,North,Home,9,731,0
135,2023-05-15,East,Home,3,1005,0
136,2023-05-16,North,Home,9,3571,0
137,2023-05-17,North,Home,2,3353,0
138,2023-05-18,North,Clothing,9,2114,1
139,2023-05-19,East,Beauty,8,1741,0
140,2023-05-20,North,Electronics,9,304,0
141,2023-05-21,West,Clothing,5,681,0
142,2023-05-22,North,Electronics,2,940,1
143,2023-05-23,West,Beauty,8,1819,0
144,2023-05-24,West,Home,6,2743,0
145,2023-05-25,West,Beauty,8,2397,1
146,2023-05-26,East,Clothing,5,974,1
147,2023-05-27,East,Home,2,789,0
148,2023-05-28,East,Clothing,6,4100,0
149,2023-05-29,North,Home,5,3241,1
150,2023-05-30,West,Electronics,5,1522,0
151,2023-05-31,East,Electronics,1,771,0
152,2023-06-01,East,Electronics,2,1271,1
153,2023-06-02,North,Beauty,8,3826,0
154,2023-06-03,East,Clothing,3,1043,0
155,2023-06-04,North,Beauty,3,1549,0
156,2023-06-05,South,Electronics,8,3837,0
157,2023-06-06,East,Clothing,8,2639,0
158,2023-06-07,South,Electronics,2,4059,1
159,2023-06-08,North,Beauty,8,4360,0
160,2023-06-09,West,Beauty,1,2461,0
161,2023-06-10,East,Beauty,6,3752,0
162,2023-06-11,North,Electronics,8,3770,0
163,2023-06-12,West,Clothing,3,1853,1
164,2023-06-13,West,Clothing,8,2452,0
165,2023-06-14,South,Electronics,1,2038,0
166,2023-06-15,North,Clothing,9,470,0
167,2023-06-16,West,Electronics,9,4579,0
168,2023-06-17,East,Clothing,5,2031,0
169,2023-06-18,East,Home,4,524,1
170,2023-06-19,South,Home,6,4824,1
171,2023-06-20,West,Beauty,7,994,0
172,2023-06-21,North,Home,5,697,0
173,2023-06-22,East,Home,9,3162,1
174,2023-06-23,West,Home,3,2436,1
175,2023-06-24,West,Electronics,7,4788,0
176,2023-06-25,South,Home,5,1787,0
177,2023-06-26,East,Home,7,672,0
178,2023-06-27,East,Beauty,2,2190,1
179,2023-06-28,North,Home,4,3769,1
180,2023-06-29,East,Home,2,4372,0
181,2023-06-30,North,Clothing,7,4724,0
182,2023-07-01,East,Beauty,2,1733,1
183,2023-07-02,South,Beauty,1,1617,1
184,2023-07-03,East,Beauty,9,4393,1
185,2023-07-04,North,Beauty,1,2757,1
186,2023-07-05,North,Beauty,8,3748,0
187,2023-07-06,South,Beauty,2,3688,0
188,2023-07-07,East,Electronics,8,1637,0
189,2023-07-08,East,Home,3,3237,0
190,2023-07-09,South,Beauty,6,197,0
191,2023-07-10,East,Home,3,3315,1
192,2023-07-11,East,Home,7,4630,0
193,2023-07-12,North,Electronics,9,4832,1
194,2023-07-13,East,Beauty,2,3850,0
195,2023-07-14,East,Clothing,5,3257,1
196,2023-07-15,South,Electronics,6,4783,0
197,2023-07-16,South,Clothing,4,443,0
198,2023-07-17,West,Home,4,4766,0
199,2023-07-18,North,Home,4,710,0
200,2023-07-19,East,Electronics,2,1827,1
201,2023-07-20,East,Electronics,4,2390,1
202,2023-07-21,West,Clothing,1,1954,0
203,2023-07-22,East,Beauty,6,2708,0
204,2023-07-23,North,Clothing,1,2179,0
205,2023-07-24,West,Electronics,6,2424,0
206,2023-07-25,North,Clothing,1,4727,1
207,2023-07-26,West,Electronics,6,1277,1
208,2023-07-27,West,Clothing,8,1191,0
209,2023-07-28,South,Electronics,2,2891,1
210,2023-07-29,North,Electronics,2,1849,0
211,2023-07-30,East,Electronics,4,2775,1
212,2023-07-31,East,Beauty,3,881,0
213,2023-08-01,North,Clothing,4,3148,1
214,2023-08-02,East,Clothing,7,2205,1
215,2023-08-03,East,Clothing,1,3967,0
216,2023-08-04,North,Electronics,6,4642,1
217,2023-08-05,West,Clothing,3,2213,0
218,2023-08-06,North,Clothing,7,4070,0
219,2023-08-07,West,Electronics,2,2091,0
220,2023-08-08,East,Home,2,1167,1
221,2023-08-09,East,Electronics,4,1677,1
222,2023-08-10,East,Clothing,1,1111,1
223,2023-08-11,South,Electronics,3,2374,1
224,2023-08-12,West,Home,9,4969,0
225,2023-08-13,South,Electronics,7,1914,1
226,2023-08-14,South,Clothing,7,2526,0
227,2023-08-15,North,Home,4,4502,0
228,2023-08-16,South,Beauty,2,4974,0
229,2023-08-17,North,Clothing,4,2651,1
230,2023-08-18,North,Home,6,3757,1
231,2023-08-19,South,Home,3,107,0
232,2023-08-20,West,Beauty,1,2655,0
233,2023-08-21,West,Electronics,8,575,1
234,2023-08-22,West,Electronics,5,2311,0
235,2023-08-23,West,Clothing,5,584,1
236,2023-08-24,West,Beauty,4,4754,1
237,2023-08-25,South,Electronics,6,2385,0
238,2023-08-26,South,Beauty,3,4663,0
239,2023-08-27,East,Electronics,9,3625,1
240,2023-08-28,West,Home,5,3439,1
241,2023-08-29,South,Electronics,3,2922,0
242,2023-08-30,East,Beauty,1,3024,1
243,2023-08-31,West,Home,6,358,0
244,2023-09-01,North,Home,2,382,0
245,2023-09-02,East,Home,3,1998,1
246,2023-09-03,South,Beauty,1,4235,1
247,2023-09-04,North,Clothing,9,3076,0
248,2023-09-05,North,Clothing,8,2367,1
249,2023-09-06,North,Clothing,2,3300,0
250,2023-09-07,East,Beauty,8,712,0
251,2023-09-08,South,Home,9,787,0
252,2023-09-09,North,Clothing,1,3790,1
253,2023-09-10,West,Beauty,5,712,0
254,2023-09-11,North,Clothing,8,2407,0
255,2023-09-12,North,Electronics,2,3113,0
256,2023-09-13,East,Clothing,4,1881,1
257,2023-09-14,East,Clothing,7,2691,0
258,2023-09-15,South,Home,3,2796,1
259,2023-09-16,West,Beauty,5,4058,0
260,2023-09-17,East,Home,8,674,0
261,2023-09-18,North,Home,3,2010,0
262,2023-09-19,South,Home,4,3704,1
263,2023-09-20,North,Home,9,769,1
264,2023-09-21,North,Home,7,4464,0
265,2023-09-22,East,Clothing,1,1383,0
266,2023-09-23,South,Home,4,1023,0
267,2023-09-24,West,Home,4,1225,0
268,2023-09-25,West,Beauty,9,1629,0
269,2023-09-26,East,Electronics,6,1694,0
270,2023-09-27,East,Clothing,9,346,0
271,2023-09-28,South,Clothing,6,3811,0
272,2023-09-29,West,Clothing,6,1660,0
273,2023-09-30,West,Home,5,2500,1
274,2023-10-01,West,Home,5,2343,0
275,2023-10-02,North,Home,2,3964,0
276,2023-10-03,West,Beauty,8,2039,1
277,2023-10-04,North,Electronics,8,3169,0
278,2023-10-05,South,Home,1,326,0
279,2023-10-06,North,Electronics,8,3647,0
280,2023-10-07,South,Beauty,5,364,0
281,2023-10-08,West,Clothing,2,1495,0
282,2023-10-09,West,Home,2,3657,0
283,2023-10-10,South,Electronics,6,745,1
284,2023-10-11,East,Electronics,9,3090,0
285,2023-10-12,South,Home,1,1999,0
286,2023-10-13,East,Clothing,6,2604,0
287,2023-10-14,North,Clothing,9,2872,0
288,2023-10-15,North,Clothing,8,1254,0
289,2023-10-16,North,Beauty,6,687,1
290,2023-10-17,West,Electronics,3,4671,0
291,2023-10-18,North,Electronics,8,1921,0
292,2023-10-19,East,Electronics,9,1085,0
293,2023-10-20,North,Beauty,1,4179,0
294,2023-10-21,South,Electronics,9,3448,1
295,2023-10-22,South,Beauty,6,3931,0
296,2023-10-23,West,Clothing,6,1341,0
297,2023-10-24,South,Home,4,289,0
298,2023-10-25,East,Electronics,1,1080,1
299,2023-10-26,North,Electronics,8,1798,0
300,2023-10-27,West,Clothing,2,1815,0
301,2023-10-28,North,Home,1,2693,1
302,2023-10-29,North,Beauty,2,4236,1
303,2023-10-30,East,Home,1,4533,0
304,2023-10-31,South,Clothing,1,1198,0
305,2023-11-01,South,Clothing,9,2426,0
306,2023-11-02,North,Home,1,3347,0
307,2023-11-03,West,Beauty,4,995,0
308,2023-11-04,South,Beauty,6,1774,0
309,2023-11-05,West,Electronics,7,3009,0
310,2023-11-06,South,Beauty,2,1030,0
311,2023-11-07,West,Home,6,4484,0
312,2023-11-08,East,Clothing,7,823,1
313,2023-11-09,West,Electronics,2,3040,0
314,2023-11-10,East,Electronics,2,1189,0
315,2023-11-11,East,Clothing,7,4678,0
316,2023-11-12,West,Beauty,1,1035,1
317,2023-11-13,East,Clothing,8,2395,0
318,2023-11-14,North,Beauty,3,255,0
319,2023-11-15,East,Clothing,6,1170,0
320,2023-11-16,South,Home,9,2058,0
321,2023-11-17,West,Beauty,6,2601,0
322,2023-11-18,North,Home,9,4319,0
323,2023-11-19,West,Electronics,7,3930,0
324,2023-11-20,South,Clothing,9,954,1
325,2023-11-21,South,Electronics,2,739,0
326,2023-11-22,South,Electronics,8,2338,0
327,2023-11-23,East,Electronics,8,1702,1
328,2023-11-24,East,Electronics,2,541,0
329,2023-11-25,West,Clothing,4,4728,0
330,2023-11-26,West,Electronics,7,1436,0
331,2023-11-27,North,Clothing,4,3800,0
332,2023-11-28,North,Clothing,4,1048,1
333,2023-11-29,West,Home,6,3473,1
334,2023-11-30,East,Beauty,6,559,0
335,2023-12-01,South,Beauty,3,4746,0
336,2023-12-02,West,Clothing,9,492,1
337,2023-12-03,North,Home,2,4038,1
338,2023-12-04,East,Clothing,6,1887,1
339,2023-12-05,West,Clothing,7,2357,0
340,2023-12-06,West,Clothing,9,1238,0
341,2023-12-07,East,Home,3,3908,1
342,2023-12-08,West,Beauty,3,4841,0
343,2023-12-09,East,Home,7,2554,0
344,2023-12-10,South,Electronics,4,1566,0
345,2023-12-11,East,Home,8,3774,0
346,2023-12-12,East,Home,7,1477,0
347,2023-12-13,East,Home,5,2697,0
348,2023-12-14,West,Home,7,241,1
349,2023-12-15,West,Beauty,3,2759,0
350,2023-12-16,East,Electronics,2,4696,1
351,2023-12-17,West,Beauty,6,939,0
352,2023-12-18,North,Beauty,2,3718,0
353,2023-12-19,North,Home,3,4017,1
354,2023-12-20,West,Clothing,6,695,0
355,2023-12-21,West,Clothing,5,2004,0
356,2023-12-22,East,Beauty,8,380,0
357,2023-12-23,South,Beauty,9,523,0
358,2023-12-24,West,Home,3,4465,1
359,2023-12-25,North,Beauty,3,4349,1
360,2023-12-26,East,Home,3,1850,0
361,2023-12-27,West,Clothing,6,4857,0
362,2023-12-28,North,Clothing,1,2067,0
363,2023-12-29,North,Electronics,7,4188,1
364,2023-12-30,South,Clothing,1,4278,0
365,2023-12-31,East,Beauty,5,3046,0
366,2024-01-01,East,Clothing,8,1549,0
367,2024-01-02,South,Home,4,2431,0
368,2024-01-03,South,Clothing,5,2320,0
369,2024-01-04,East,Electronics,4,3889,1
370,2024-01-05,East,Clothing,4,2910,0
371,2024-01-06,West,Home,8,4828,0
372,2024-01-07,West,Home,2,1631,1
373,2024-01-08,South,Beauty,1,4982,1
374,2024-01-09,West,Clothing,3,3090,0
375,2024-01-10,North,Home,9,4593,0
376,2024-01-11,West,Electronics,4,1243,0
377,2024-01-12,West,Beauty,5,1033,0
378,2024-01-13,North,Electronics,2,1560,0
379,2024-01-14,South,Clothing,4,2823,0
380,2024-01-15,North,Clothing,2,2612,0
381,2024-01-16,West,Clothing,2,385,1
382,2024-01-17,South,Beauty,4,364,0
383,2024-01-18,West,Home,6,2467,0
384,2024-01-19,North,Beauty,7,3547,0
385,2024-01-20,North,Electronics,3,1862,1
386,2024-01-21,West,Beauty,3,3148,1
387,2024-01-22,East,Electronics,6,2481,1
388,2024-01-23,East,Beauty,3,2369,1
389,2024-01-24,North,Home,2,140,1
390,2024-01-25,North,Electronics,8,167,0
391,2024-01-26,East,Clothing,5,1087,0
392,2024-01-27,East,Clothing,1,4108,0
393,2024-01-28,West,Beauty,3,3298,1
394,2024-01-29,West,Clothing,8,4890,1
395,2024-01-30,East,Electronics,4,2624,0
396,2024-01-31,West,Clothing,7,1185,0
397,2024-02-01,West,Home,2,2579,0
398,2024-02-02,South,Home,7,1793,1
399,2024-02-03,West,Beauty,5,2415,0
400,2024-02-04,North,Electronics,5,878,0
401,2024-02-05,West,Home,6,4689,0
402,2024-02-06,West,Home,9,1685,0
403,2024-02-07,East,Electronics,6,1592,1
404,2024-02-08,North,Clothing,8,760,0
405,2024-02-09,West,Clothing,7,1448,1
406,2024-02-10,West,Beauty,9,1399,0
407,2024-02-11,South,Clothing,4,4040,0
408,2024-02-12,West,Electronics,2,2086,0
409,2024-02-13,West,Home,7,2144,1
410,2024-02-14,South,Clothing,6,3616,0
411,2024-02-15,East,Beauty,1,1158,0
412,2024-02-16,West,Clothing,9,1076,0
413,2024-02-17,South,Electronics,9,4677,1
414,2024-02-18,North,Beauty,2,827,0
415,2024-02-19,East,Clothing,3,2627,1
416,2024-02-20,North,Beauty,5,3236,0
417,2024-02-21,North,Electronics,5,442,0
418,2024-02-22,South,Home,1,1547,0
419,2024-02-23,West,Electronics,8,2479,0
420,2024-02-24,South,Electronics,8,3759,0
421,2024-02-25,South,Electronics,4,626,0
422,2024-02-26,South,Electronics,7,1996,0
423,2024-02-27,South,Home,3,4854,1
424,2024-02-28,East,Home,6,2173,0
425,2024-02-29,West,Beauty,9,505,1
426,2024-03-01,North,Clothing,1,1673,0
427,2024-03-02,North,Home,5,4700,0
428,2024-03-03,West,Home,4,3840,0
429,2024-03-04,North,Clothing,8,4374,0
430,2024-03-05,West,Home,1,4327,0
431,2024-03-06,North,Electronics,9,1946,0
432,2024-03-07,South,Electronics,6,1578,0
433,2024-03-08,North,Clothing,4,2495,0
434,2024-03-09,West,Beauty,9,871,1
435,2024-03-10,West,Beauty,5,678,1
436,2024-03-11,West,Clothing,5,3001,0
437,2024-03-12,West,Clothing,5,293,0
438,2024-03-13,West,Electronics,1,2107,0
439,2024-03-14,East,Beauty,1,1285,0
440,2024-03-15,East,Home,8,2494,0
441,2024-03-16,North,Electronics,8,3098,0
442,2024-03-17,West,Clothing,6,1892,0
443,2024-03-18,North,Beauty,4,1210,0
444,2024-03-19,West,Home,2,4105,0
445,2024-03-20,West,Home,2,2361,1
446,2024-03-21,East,Electronics,9,3836,1
447,2024-03-22,East,Beauty,5,3893,0
448,2024-03-23,South,Beauty,4,2036,1
449,2024-03-24,East,Clothing,1,4975,1
450,2024-03-25,South,Beauty,7,4457,0
451,2024-03-26,South,Beauty,3,829,0
452,2024-03-27,South,Electronics,6,4478,0
453,2024-03-28,South,Beauty,5,3551,1
454,2024-03-29,South,Home,5,4557,1
455,2024-03-30,North,Electronics,5,4636,0
456,2024-03-31,East,Electronics,1,2240,0
457,2024-04-01,South,Clothing,1,1744,0
458,2024-04-02,West,Beauty,3,2900,0
459,2024-04-03,East,Clothing,4,241,0
460,2024-04-04,East,Home,5,1555,1
461,2024-04-05,South,Electronics,2,4896,0
462,2024-04-06,North,Electronics,8,2196,1
463,2024-04-07,South,Electronics,2,1425,1
464,2024-04-08,North,Home,9,1313,1
465,2024-04-09,West,Home,2,1259,0
466,2024-04-10,East,Clothing,9,4750,0
467,2024-04-11,West,Clothing,7,4599,0
468,2024-04-12,North,Clothing,8,4797,0
469,2024-04-13,North,Beauty,2,440,0
470,2024-04-14,West,Electronics,7,3928,0
471,2024-04-15,North,Electronics,6,2068,0
472,2024-04-16,West,Clothing,4,803,0
473,2024-04-17,East,Electronics,7,4513,0
474,2024-04-18,West,Clothing,4,2529,0
475,2024-04-19,East,Beauty,2,1900,1
476,2024-04-20,West,Beauty,7,4748,1
477,2024-04-21,North,Home,8,955,0
478,2024-04-22,West,Beauty,2,1912,0
479,2024-04-23,North,Clothing,5,2966,0
480,2024-04-24,West,Beauty,1,3742,0
481,2024-04-25,West,Home,7,282,0
482,2024-04-26,South,Electronics,8,3212,1
483,2024-04-27,North,Clothing,6,4592,0
484,2024-04-28,South,Electronics,5,1617,0
485,2024-04-29,North,Home,6,1456,0
486,2024-04-30,South,Home,2,2274,0
487,2024-05-01,East,Home,1,3729,0
488,2024-05-02,West,Electronics,7,3728,0
489,2024-05-03,North,Electronics,7,4196,0
490,2024-05-04,North,Electronics,2,3339,0
491,2024-05-05,West,Electronics,2,3791,0
492,2024-05-06,North,Home,1,118,0
493,2024-05-07,North,Home,8,3503,0
494,2024-05-08,South,Clothing,8,4779,1
495,2024-05-09,North,Clothing,1,4651,0
496,2024-05-10,East,Electronics,8,3104,0
497,2024-05-11,East,Beauty,9,1232,0
498,2024-05-12,West,Beauty,4,3439,0
499,2024-05-13,North,Home,1,3411,0
500,2024-05-14,West,Home,1,3472,0
501,2024-05-15,East,Home,3,1087,1
502,2024-05-16,North,Clothing,5,3421,0
503,2024-05-17,North,Clothing,5,4715,0
504,2024-05-18,West,Home,9,273,0
505,2024-05-19,East,Home,2,3841,1
506,2024-05-20,North,Home,2,3152,0
507,2024-05-21,West,Beauty,6,826,0
508,2024-05-22,East,Clothing,9,3860,0
509,2024-05-23,West,Beauty,1,1975,0
510,2024-05-24,South,Beauty,9,4133,0
511,2024-05-25,North,Home,9,1089,0
512,2024-05-26,South,Home,9,3844,0
513,2024-05-27,East,Electronics,5,2786,0
514,2024-05-28,South,Electronics,9,519,0
515,2024-05-29,South,Beauty,4,693,0
516,2024-05-30,East,Clothing,2,1874,1
517,2024-05-31,West,Home,6,2559,0
518,2024-06-01,South,Home,4,1035,0
519,2024-06-02,West,Beauty,6,3908,0
520,2024-06-03,South,Electronics,3,431,0
521,2024-06-04,West,Clothing,6,3549,1
522,2024-06-05,East,Electronics,2,2802,0
523,2024-06-06,South,Electronics,2,4106,0
524,2024-06-07,East,Electronics,9,3968,0
525,2024-06-08,South,Electronics,7,4300,0
526,2024-06-09,East,Home,3,301,0
527,2024-06-10,East,Home,1,2597,0
528,2024-06-11,South,Electronics,8,1942,0
529,2024-06-12,South,Clothing,6,1966,1
530,2024-06-13,South,Beauty,7,2096,0
531,2024-06-14,North,Clothing,9,1009,1
532,2024-06-15,West,Clothing,5,4405,1
533,2024-06-16,North,Clothing,1,4758,1
534,2024-06-17,North,Electronics,7,3289,0
535,2024-06-18,East,Home,5,870,0
536,2024-06-19,South,Clothing,3,3255,1
537,2024-06-20,West,Electronics,9,2601,0
538,2024-06-21,East,Clothing,1,2814,0
539,2024-06-22,North,Clothing,1,4824,1
540,2024-06-23,South,Electronics,1,3685,1
541,2024-06-24,East,Home,3,1728,0
542,2024-06-25,South,Home,6,486,0
543,2024-06-26,East,Beauty,3,3521,0
544,2024-06-27,South,Electronics,8,4108,1
545,2024-06-28,North,Beauty,2,4193,1
546,2024-06-29,West,Beauty,9,4463,0
547,2024-06-30,North,Beauty,3,2566,0
548,2024-07-01,West,Home,5,2382,1
549,2024-07-02,South,Electronics,8,1956,0
550,2024-07-03,East,Beauty,2,2098,0
551,2024-07-04,North,Electronics,6,1336,1
552,2024-07-05,West,Electronics,5,4769,0
553,2024-07-06,North,Home,9,4244,0
554,2024-07-07,West,Beauty,5,1250,0
555,2024-07-08,North,Beauty,2,4418,0
556,2024-07-09,West,Electronics,5,1531,1
557,2024-07-10,West,Clothing,4,1919,0
558,2024-07-11,South,Home,7,2424,1
559,2024-07-12,West,Home,6,1230,0
560,2024-07-13,South,Home,2,2758,0
561,2024-07-14,West,Home,5,3600,0
562,2024-07-15,East,Beauty,7,474,0
563,2024-07-16,East,Beauty,7,2220,0
564,2024-07-17,East,Clothing,5,4120,0
565,2024-07-18,West,Home,9,2121,0
566,2024-07-19,South,Home,4,3805,0
567,2024-07-20,South,Electronics,3,3359,1
568,2024-07-21,West,Beauty,4,3535,0
569,2024-07-22,East,Home,5,1989,1
570,2024-07-23,East,Clothing,6,1923,0
571,2024-07-24,South,Clothing,3,1574,0
572,2024-07-25,East,Beauty,2,2342,0
573,2024-07-26,North,Clothing,4,3343,0
574,2024-07-27,South,Clothing,5,3234,0
575,2024-07-28,East,Beauty,4,2170,1
576,2024-07-29,South,Home,3,459,1
577,2024-07-30,North,Home,8,2141,0
578,2024-07-31,South,Clothing,4,1241,0
579,2024-08-01,South,Clothing,2,1735,1
580,2024-08-02,South,Home,2,4100,0
581,2024-08-03,South,Beauty,1,2043,1
582,2024-08-04,North,Clothing,4,4874,1
583,2024-08-05,West,Electronics,9,3461,1
584,2024-08-06,South,Beauty,7,3080,0
585,2024-08-07,South,Clothing,7,106,0
586,2024-08-08,East,Clothing,7,3367,0
587,2024-08-09,South,Electronics,8,1691,0
588,2024-08-10,East,Electronics,1,3364,1
589,2024-08-11,West,Home,8,2706,0
590,2024-08-12,North,Beauty,4,3319,0
591,2024-08-13,North,Beauty,4,3373,1
592,2024-08-14,West,Home,4,1013,1
593,2024-08-15,North,Beauty,6,2111,1
594,2024-08-16,West,Beauty,7,1542,1
595,2024-08-17,West,Beauty,6,3154,0
596,2024-08-18,West,Beauty,1,3646,0
597,2024-08-19,North,Beauty,8,4321,1
598,2024-08-20,East,Electronics,7,3028,0
599,2024-08-21,West,Beauty,6,1929,0
600,2024-08-22,South,Electronics,6,675,0
601,2024-08-23,North,Beauty,5,1029,0
602,2024-08-24,West,Home,6,3859,1
603,2024-08-25,West,Clothing,9,3799,0
604,2024-08-26,South,Electronics,9,1563,0
605,2024-08-27,East,Beauty,8,3375,0
606,2024-08-28,East,Home,9,1154,0
607,2024-08-29,East,Clothing,8,2000,0
608,2024-08-30,West,Electronics,8,1557,0
609,2024-08-31,West,Clothing,1,1499,1
610,2024-09-01,West,Home,5,3515,0
611,2024-09-02,North,Electronics,4,542,0
612,2024-09-03,South,Clothing,2,3750,0
613,2024-09-04,West,Beauty,8,4752,0
614,2024-09-05,South,Electronics,3,1278,0
615,2024-09-06,South,Clothing,4,4558,1
616,2024-09-07,East,Home,7,1357,0
617,2024-09-08,North,Home,9,3734,1
618,2024-09-09,West,Electronics,2,1941,0
619,2024-09-10,East,Clothing,3,2409,0
620,2024-09-11,East,Electronics,4,1010,0
621,2024-09-12,West,Electronics,1,4440,1
622,2024-09-13,South,Clothing,7,4737,0
623,2024-09-14,East,Clothing,2,4109,0
624,2024-09-15,South,Beauty,5,2269,0
625,2024-09-16,North,Clothing,1,2272,0
626,2024-09-17,South,Home,3,223,0
627,2024-09-18,North,Electronics,2,3258,0
628,2024-09-19,South,Electronics,1,885,0
629,2024-09-20,East,Home,7,2516,0
630,2024-09-21,East,Clothing,5,896,0
631,2024-09-22,North,Home,1,4272,1
632,2024-09-23,West,Home,6,4254,1
633,2024-09-24,North,Beauty,5,2036,1
634,2024-09-25,North,Home,3,2256,0
635,2024-09-26,South,Electronics,7,3907,0
636,2024-09-27,South,Home,9,1401,0
637,2024-09-28,North,Electronics,9,4263,0
638,2024-09-29,East,Electronics,9,3240,0
639,2024-09-30,South,Electronics,2,3336,0
640,2024-10-01,West,Clothing,3,2452,0
641,2024-10-02,South,Beauty,7,2032,0
642,2024-10-03,South,Electronics,5,2821,1
643,2024-10-04,West,Electronics,2,464,0
644,2024-10-05,North,Clothing,3,2490,0
645,2024-10-06,West,Electronics,6,1046,0
646,2024-10-07,North,Home,7,1477,0
647,2024-10-08,North,Home,9,1539,0
648,2024-10-09,North,Beauty,1,3280,1
649,2024-10-10,West,Electronics,7,4957,1
650,2024-10-11,North,Clothing,8,440,0
651,2024-10-12,East,Home,3,3089,1
652,2024-10-13,West,Clothing,4,482,1
653,2024-10-14,East,Clothing,6,1656,1
654,2024-10-15,North,Home,7,399,1
655,2024-10-16,South,Clothing,4,238,0
656,2024-10-17,North,Home,8,458,0
657,2024-10-18,East,Clothing,5,1622,0
658,2024-10-19,East,Home,1,3556,0
659,2024-10-20,West,Electronics,4,1727,1
660,2024-10-21,South,Beauty,3,1403,0
661,2024-10-22,West,Home,9,1234,1
662,2024-10-23,East,Home,8,2286,1
663,2024-10-24,North,Beauty,1,3270,1
664,2024-10-25,South,Home,6,3935,1
665,2024-10-26,North,Home,9,2251,0
666,2024-10-27,North,Clothing,7,1337,0
667,2024-10-28,South,Beauty,4,3835,0
668,2024-10-29,West,Electronics,1,2934,0
669,2024-10-30,North,Home,2,4360,0
670,2024-10-31,East,Beauty,5,1098,0
671,2024-11-01,North,Clothing,5,2667,1
672,2024-11-02,South,Electronics,8,1407,0
673,2024-11-03,South,Beauty,6,756,0
674,2024-11-04,South,Electronics,8,2760,0
675,2024-11-05,West,Electronics,2,2311,0
676,2024-11-06,North,Electronics,3,2009,0
677,2024-11-07,West,Home,6,3830,1
678,2024-11-08,West,Home,3,2146,0
679,2024-11-09,South,Clothing,6,3262,1
680,2024-11-10,South,Clothing,6,1240,0
681,2024-11-11,West,Beauty,2,366,1
682,2024-11-12,North,Clothing,7,1945,0
683,2024-11-13,East,Electronics,2,1808,0
684,2024-11-14,West,Electronics,6,3730,0
685,2024-11-15,North,Home,1,3311,1
686,2024-11-16,South,Electronics,3,2393,0
687,2024-11-17,South,Beauty,2,3832,0
688,2024-11-18,North,Electronics,7,3929,1
689,2024-11-19,East,Electronics,4,1610,1
690,2024-11-20,South,Beauty,8,575,0
691,2024-11-21,South,Clothing,6,1076,1
692,2024-11-22,South,Clothing,4,1307,0
693,2024-11-23,North,Beauty,5,2060,0
694,2024-11-24,West,Home,9,657,0
695,2024-11-25,South,Electronics,7,982,1
696,2024-11-26,West,Beauty,9,2294,1
697,2024-11-27,East,Electronics,7,4861,0
698,2024-11-28,South,Home,1,2767,0
699,2024-11-29,South,Electronics,8,4777,0
700,2024-11-30,East,Beauty,4,4890,1
701,2024-12-01,South,Electronics,3,1710,1
702,2024-12-02,West,Clothing,7,3588,0
703,2024-12-03,North,Home,3,2554,1
704,2024-12-04,West,Home,8,4594,1
705,2024-12-05,North,Home,6,2046,0
706,2024-12-06,North,Beauty,5,4910,0
707,2024-12-07,West,Home,4,4899,0
708,2024-12-08,West,Clothing,8,2908,0
709,2024-12-09,West,Beauty,8,3925,0
710,2024-12-10,West,Clothing,1,3636,0
711,2024-12-11,East,Electronics,9,3902,1
712,2024-12-12,South,Electronics,5,4277,0
713,2024-12-13,North,Electronics,4,4799,0
714,2024-12-14,West,Electronics,6,2070,0
715,2024-12-15,West,Clothing,6,3922,0
716,2024-12-16,West,Beauty,2,2919,0
717,2024-12-17,East,Beauty,8,1002,0
718,2024-12-18,West,Home,7,464,0
719,2024-12-19,West,Clothing,1,4358,0
720,2024-12-20,West,Electronics,5,3219,0
721,2024-12-21,South,Clothing,6,2658,0
722,2024-12-22,East,Home,4,1963,1
723,2024-12-23,West,Home,2,215,0
724,2024-12-24,North,Clothing,4,2484,0
725,2024-12-25,North,Clothing,1,4035,1
726,2024-12-26,North,Clothing,7,2590,0
727,2024-12-27,East,Beauty,2,1042,0
728,2024-12-28,East,Electronics,2,1824,1
729,2024-12-29,North,Clothing,9,2434,0
730,2024-12-30,West,Clothing,5,2867,0
731,2024-12-31,East,Clothing,2,1237,1
732,2025-01-01,North,Home,9,2627,1
733,2025-01-02,North,Home,9,4217,1
734,2025-01-03,West,Beauty,1,3520,0
735,2025-01-04,South,Electronics,3,4878,0
736,2025-01-05,East,Beauty,4,4006,0
737,2025-01-06,West,Electronics,7,3737,0
738,2025-01-07,North,Home,4,3053,0
739,2025-01-08,North,Home,2,2467,0
740,2025-01-09,West,Home,7,4321,1
741,2025-01-10,East,Beauty,6,376,0
742,2025-01-11,South,Clothing,3,2099,0
743,2025-01-12,South,Clothing,6,1327,0
744,2025-01-13,North,Home,6,3852,0
745,2025-01-14,East,Clothing,5,3835,0
746,2025-01-15,South,Clothing,4,795,0
747,2025-01-16,East,Beauty,1,1409,0
748,2025-01-17,East,Electronics,6,4252,0
749,2025-01-18,North,Home,2,3334,1
750,2025-01-19,South,Home,3,4214,1
751,2025-01-20,West,Beauty,8,2411,0
752,2025-01-21,North,Beauty,6,2941,0
753,2025-01-22,South,Clothing,3,4308,1
754,2025-01-23,South,Home,7,3659,1
755,2025-01-24,South,Electronics,4,3498,0
756,2025-01-25,South,Beauty,9,641,1
757,2025-01-26,South,Electronics,5,2794,0
758,2025-01-27,East,Electronics,3,4774,1
759,2025-01-28,North,Home,2,1188,1
760,2025-01-29,East,Home,2,3463,0
761,2025-01-30,West,Beauty,3,124,1
762,2025-01-31,South,Home,2,1672,0
763,2025-02-01,North,Home,4,3058,1
764,2025-02-02,South,Home,2,4336,0
765,2025-02-03,North,Electronics,9,1867,1
766,2025-02-04,East,Beauty,2,4843,0
767,2025-02-05,North,Clothing,9,2335,0
768,2025-02-06,West,Electronics,6,300,0
769,2025-02-07,West,Home,1,3298,1
770,2025-02-08,North,Electronics,4,356,1
771,2025-02-09,North,Home,1,3847,1
772,2025-02-10,North,Home,6,4742,1
773,2025-02-11,North,Electronics,4,2341,0
774,2025-02-12,West,Beauty,3,3275,0
775,2025-02-13,South,Home,3,3706,0
776,2025-02-14,North,Beauty,9,3436,0
777,2025-02-15,North,Clothing,6,4997,0
778,2025-02-16,West,Home,9,513,0
779,2025-02-17,West,Beauty,5,2114,0
780,2025-02-18,East,Beauty,2,1481,0
781,2025-02-19,North,Clothing,8,1198,0
782,2025-02-20,East,Beauty,5,3526,0
783,2025-02-21,West,Beauty,2,3755,1
784,2025-02-22,West,Clothing,4,1009,1
785,2025-02-23,South,Home,9,287,1
786,2025-02-24,North,Beauty,4,4144,0
787,2025-02-25,East,Beauty,4,3856,0
788,2025-02-26,West,Beauty,2,2115,1
789,2025-02-27,West,Electronics,6,2192,0
790,2025-02-28,East,Clothing,2,3744,0
791,2025-03-01,South,Electronics,7,2230,0
792,2025-03-02,West,Clothing,3,457,0
793,2025-03-03,North,Home,3,2522,0
794,2025-03-04,West,Home,5,4357,0
795,2025-03-05,North,Beauty,3,4645,0
796,2025-03-06,East,Clothing,2,1597,0
797,2025-03-07,North,Home,9,2258,0
798,2025-03-08,East,Clothing,2,2655,1
799,2025-03-09,North,Home,2,2442,0
800,2025-03-10,East,Electronics,8,3051,0
801,2025-03-11,North,Home,9,1338,1
802,2025-03-12,South,Electronics,7,1073,0
803,2025-03-13,North,Home,3,4827,0
804,2025-03-14,North,Beauty,9,4065,0
805,2025-03-15,South,Electronics,3,1150,0
806,2025-03-16,West,Home,5,3801,0
807,2025-03-17,West,Beauty,9,2880,1
808,2025-03-18,North,Electronics,3,1688,0
809,2025-03-19,South,Beauty,7,3978,0
810,2025-03-20,North,Clothing,1,2468,0
811,2025-03-21,East,Clothing,4,536,0
812,2025-03-22,East,Electronics,4,2928,0
813,2025-03-23,North,Home,7,1656,0
814,2025-03-24,West,Electronics,8,3958,0
815,2025-03-25,West,Beauty,1,1404,0
816,2025-03-26,North,Home,5,2484,0
817,2025-03-27,North,Clothing,7,282,0
818,2025-03-28,East,Home,4,1689,1
819,2025-03-29,West,Clothing,4,1687,0
820,2025-03-30,North,Home,4,759,0
821,2025-03-31,East,Home,6,259,0
822,2025-04-01,West,Home,7,4053,1
823,2025-04-02,South,Beauty,2,1111,0
824,2025-04-03,East,Beauty,5,152,0
825,2025-04-04,West,Electronics,4,2407,1
826,2025-04-05,West,Electronics,3,1328,1
827,2025-04-06,East,Clothing,7,1135,0
828,2025-04-07,South,Beauty,6,3802,0
829,2025-04-08,East,Clothing,7,4145,1
830,2025-04-09,West,Electronics,5,4549,1
831,2025-04-10,North,Clothing,6,1364,1
832,2025-04-11,North,Electronics,5,1984,0
833,2025-04-12,East,Beauty,7,1909,0
834,2025-04-13,West,Home,2,3267,0
835,2025-04-14,North,Beauty,5,3897,1
836,2025-04-15,West,Clothing,6,2441,0
837,2025-04-16,East,Clothing,6,3514,0
838,2025-04-17,North,Beauty,5,917,1
839,2025-04-18,West,Beauty,7,2537,0
840,2025-04-19,North,Electronics,8,988,1
841,2025-04-20,East,Clothing,7,767,0
842,2025-04-21,West,Clothing,5,4828,0
843,2025-04-22,North,Beauty,1,2724,0
844,2025-04-23,East,Home,5,4332,1
845,2025-04-24,North,Clothing,2,4623,0
846,2025-04-25,North,Home,5,918,0
847,2025-04-26,South,Beauty,5,2288,1
848,2025-04-27,South,Beauty,2,1206,0
849,2025-04-28,East,Electronics,5,2324,0
850,2025-04-29,South,Clothing,4,297,0
851,2025-04-30,East,Home,1,2771,0
852,2025-05-01,South,Electronics,3,3592,0
853,2025-05-02,North,Clothing,1,2548,0
854,2025-05-03,East,Electronics,5,570,0
855,2025-05-04,East,Beauty,4,2048,0
856,2025-05-05,North,Clothing,7,3999,0
857,2025-05-06,East,Electronics,5,2110,0
858,2025-05-07,East,Electronics,4,3900,0
859,2025-05-08,South,Home,2,4218,0
860,2025-05-09,East,Electronics,4,3896,0
861,2025-05-10,West,Clothing,2,4088,0
862,2025-05-11,North,Clothing,8,334,0
863,2025-05-12,South,Home,3,1028,1
864,2025-05-13,South,Clothing,9,3707,0
865,2025-05-14,West,Beauty,4,622,1
866,2025-05-15,North,Clothing,6,3623,1
867,2025-05-16,North,Clothing,5,4626,0
868,2025-05-17,South,Electronics,1,4988,0
869,2025-05-18,East,Electronics,9,1729,0
870,2025-05-19,South,Clothing,1,4728,1
871,2025-05-20,North,Home,8,1416,0
872,2025-05-21,West,Electronics,9,2957,0
873,2025-05-22,South,Home,9,1224,0
874,2025-05-23,North,Clothing,1,2687,1
875,2025-05-24,South,Clothing,2,1123,1
876,2025-05-25,East,Beauty,1,1478,0
877,2025-05-26,South,Electronics,2,3474,0
878,2025-05-27,South,Clothing,8,1619,0
879,2025-05-28,North,Beauty,5,326,0
880,2025-05-29,North,Electronics,7,991,1
881,2025-05-30,North,Clothing,2,4172,0
882,2025-05-31,South,Clothing,8,2357,0
883,2025-06-01,East,Electronics,6,2888,0
884,2025-06-02,West,Electronics,8,496,1
885,2025-06-03,West,Electronics,1,2178,1
886,2025-06-04,North,Clothing,1,4844,0
887,2025-06-05,North,Clothing,7,4524,1
888,2025-06-06,South,Beauty,8,3337,0
889,2025-06-07,West,Home,3,3993,0
890,2025-06-08,North,Electronics,5,2105,0
891,2025-06-09,East,Clothing,1,2116,0
892,2025-06-10,East,Clothing,7,3271,0
893,2025-06-11,North,Electronics,5,2768,1
894,2025-06-12,North,Home,8,1978,0
895,2025-06-13,West,Electronics,8,1296,0
896,2025-06-14,West,Home,9,1872,0
897,2025-06-15,South,Clothing,7,261,0
898,2025-06-16,West,Home,1,4076,1
899,2025-06-17,East,Beauty,3,1851,0
900,2025-06-18,East,Clothing,8,875,0
901,2025-06-19,North,Beauty,3,1039,1
902,2025-06-20,West,Electronics,8,3320,0
903,2025-06-21,South,Electronics,1,639,0
904,2025-06-22,East,Electronics,5,1561,0
905,2025-06-23,East,Home,4,455,0
906,2025-06-24,South,Clothing,5,3704,1
907,2025-06-25,South,Electronics,8,3423,1
908,2025-06-26,East,Electronics,4,334,0
909,2025-06-27,East,Clothing,4,1648,1
910,2025-06-28,South,Electronics,3,2196,0
911,2025-06-29,East,Beauty,7,4313,0
912,2025-06-30,North,Clothing,3,2201,0
913,2025-07-01,North,Clothing,3,1773,0
914,2025-07-02,South,Clothing,5,2200,0
915,2025-07-03,West,Beauty,5,3757,0
916,2025-07-04,South,Clothing,6,4753,1
917,2025-07-05,South,Beauty,8,3696,0
918,2025-07-06,West,Clothing,6,3848,0
919,2025-07-07,West,Home,1,3273,0
920,2025-07-08,West,Electronics,8,1915,0
921,2025-07-09,North,Home,8,3941,0
922,2025-07-10,East,Electronics,9,2105,0
923,2025-07-11,North,Beauty,9,4593,1
924,2025-07-12,East,Home,2,774,0
925,2025-07-13,North,Clothing,2,486,0
926,2025-07-14,East,Electronics,3,2258,0
927,2025-07-15,North,Electronics,1,2761,0
928,2025-07-16,West,Home,4,2164,0
929,2025-07-17,South,Beauty,4,3951,1
930,2025-07-18,North,Home,9,3353,0
931,2025-07-19,East,Beauty,9,4736,0
932,2025-07-20,West,Beauty,9,4366,0
933,2025-07-21,North,Electronics,7,839,0
934,2025-07-22,North,Home,2,1501,0
935,2025-07-23,West,Home,5,3359,1
936,2025-07-24,North,Beauty,4,2377,0
937,2025-07-25,South,Home,8,4004,1
938,2025-07-26,North,Clothing,2,4023,0
939,2025-07-27,South,Clothing,6,4314,1
940,2025-07-28,South,Home,5,3327,0
941,2025-07-29,West,Home,2,2931,0
942,2025-07-30,North,Beauty,1,3858,0
943,2025-07-31,West,Clothing,8,2612,1
944,2025-08-01,North,Clothing,2,2251,0
945,2025-08-02,North,Electronics,7,3775,0
946,2025-08-03,East,Beauty,9,2845,0
947,2025-08-04,North,Electronics,9,3966,1
948,2025-08-05,West,Clothing,8,3864,0
949,2025-08-06,South,Beauty,9,2322,1
950,2025-08-07,North,Home,2,2892,0
951,2025-08-08,East,Beauty,6,1797,0
952,2025-08-09,West,Home,4,3562,0
953,2025-08-10,North,Home,4,4163,1
954,2025-08-11,West,Beauty,5,1624,0
955,2025-08-12,East,Home,3,4860,1
956,2025-08-13,East,Electronics,1,132,0
957,2025-08-14,West,Clothing,8,4125,0
958,2025-08-15,North,Home,5,2666,0
959,2025-08-16,South,Electronics,3,2903,0
960,2025-08-17,East,Home,7,3996,1
961,2025-08-18,North,Clothing,7,3809,1
962,2025-08-19,North,Electronics,1,819,1
963,2025-08-20,South,Clothing,9,4679,1
964,2025-08-21,East,Clothing,2,1072,0
965,2025-08-22,East,Electronics,5,3818,0
966,2025-08-23,North,Electronics,5,4502,1
967,2025-08-24,North,Electronics,8,4652,0
968,2025-08-25,South,Beauty,8,2307,1
969,2025-08-26,South,Electronics,7,4526,1
970,2025-08-27,East,Electronics,7,4420,0
971,2025-08-28,West,Electronics,6,3130,1
972,2025-08-29,East,Electronics,6,3675,0
973,2025-08-30,North,Home,9,3216,0
974,2025-08-31,East,Beauty,6,3385,0
975,2025-09-01,West,Clothing,2,743,0
976,2025-09-02,South,Electronics,2,4811,0
977,2025-09-03,West,Home,5,294,0
978,2025-09-04,West,Home,4,4096,1
979,2025-09-05,West,Home,2,588,1
980,2025-09-06,South,Clothing,3,2304,0
981,2025-09-07,West,Electronics,7,2757,0
982,2025-09-08,West,Beauty,8,3376,1
983,2025-09-09,West,Beauty,6,1202,0
984,2025-09-10,North,Home,5,1341,0
985,2025-09-11,West,Clothing,1,615,0
986,2025-09-12,South,Clothing,8,492,0
987,2025-09-13,West,Clothing,3,730,0
988,2025-09-14,West,Beauty,6,3816,1
989,2025-09-15,South,Home,3,1947,0
990,2025-09-16,West,Electronics,7,2755,0
991,2025-09-17,South,Beauty,7,1079,0
992,2025-09-18,West,Home,9,4629,0
993,2025-09-19,South,Home,5,3502,0
994,2025-09-20,West,Electronics,8,3971,1
995,2025-09-21,West,Electronics,8,377,1
996,2025-09-22,North,Electronics,1,332,0
997,2025-09-23,North,Clothing,5,1652,1
998,2025-09-24,West,Electronics,3,3370,1
999,2025-09-25,West,Home,1,2509,1
1000,2025-09-26,East,Electronics,4,3612,0
